{
 "actions": [],
 "allow_rename": 1,
 "creation": "2025-04-18 15:37:44.109235",
 "default_view": "List",
 "doctype": "DocType",
 "editable_grid": 1,
 "engine": "InnoDB",
 "field_order": [
  "type",
  "item",
  "set_no",
  "w_set",
  "sizing_name",
  "yarn_count",
  "remarks",
  "column_break_jz3nl",
  "ends",
  "beam_no",
  "length",
  "yarn_consumption_per_meter",
  "lbs",
  "yarn_item",
  "target_warehouse",
  "make_stock_entry"
 ],
 "fields": [
  {
   "fieldname": "type",
   "fieldtype": "Select",
   "in_list_view": 1,
   "label": "Type",
   "options": "Beam\nYarn"
  },
  {
   "fieldname": "item",
   "fieldtype": "Link",
   "in_list_view": 1,
   "label": "Beam item",
   "options": "Item",
   "reqd": 1
  },
  {
   "fieldname": "set_no",
   "fieldtype": "Int",
   "in_list_view": 1,
   "label": "Set No",
   "reqd": 1,
   "unique": 1
  },
  {
   "fieldname": "w_set",
   "fieldtype": "Data",
   "in_list_view": 1,
   "label": "W Set"
  },
  {
   "fieldname": "sizing_name",
   "fieldtype": "Data",
   "in_list_view": 1,
   "label": "Sizing Name",
   "read_only": 1
  },
  {
   "default": "0",
   "fieldname": "yarn_count",
   "fieldtype": "Float",
   "in_list_view": 1,
   "label": "Yarn Count",
   "reqd": 1
  },
  {
   "fieldname": "remarks",
   "fieldtype": "Small Text",
   "in_list_view": 1,
   "label": "Remarks"
  },
  {
   "fieldname": "ends",
   "fieldtype": "Float",
   "in_list_view": 1,
   "label": "Ends",
   "precision": "2",
   "reqd": 1
  },
  {
   "fieldname": "beam_no",
   "fieldtype": "Int",
   "in_list_view": 1,
   "label": "Beam No"
  },
  {
   "fieldname": "length",
   "fieldtype": "Float",
   "in_list_view": 1,
   "label": "Length",
   "reqd": 1
  },
  {
   "allow_on_submit": 1,
   "description": "(Ends / 768.1)/ Yarn Count",
   "fieldname": "yarn_consumption_per_meter",
   "fieldtype": "Float",
   "in_list_view": 1,
   "label": "Yarn Consumption Per Meter",
   "precision": "7"
  },
  {
   "description": "Yarn Consumption Per Meter X Length",
   "fieldname": "lbs",
   "fieldtype": "Float",
   "label": "LBS",
   "precision": "2",
   "reqd": 1
  },
  {
   "fieldname": "column_break_jz3nl",
   "fieldtype": "Column Break"
  },
  {
   "fieldname": "yarn_item",
   "fieldtype": "Link",
   "label": "Yarn Item",
   "options": "Item",
   "reqd": 1
  },
  {
   "fieldname": "make_stock_entry",
   "fieldtype": "Button",
   "label": "Make Stock Entry"
  },
  {
   "fieldname": "target_warehouse",
   "fieldtype": "Link",
   "label": "Target Warehouse",
   "options": "Warehouse",
   "reqd": 1
  }
 ],
 "index_web_pages_for_search": 1,
 "istable": 1,
 "links": [],
 "modified": "2025-05-12 20:25:27.229040",
 "modified_by": "Administrator",
 "module": "Loom Production",
 "name": "Sizing Program Item",
 "owner": "Administrator",
 "permissions": [],
 "sort_field": "modified",
 "sort_order": "DESC",
 "states": []
}